Expected,Id
1.3365733857263589,0
2.0107699626178244,2
1.5257144095807775,3
1.2769778043921471,5
1.683266840891288,6
1.5818093896079846,7
1.2965975795744762,9
2.3575193607092877,10
1.5346987652866335,16
2.2146116067144,20
2.2699748195024134,21
2.220955049753761,22
1.5774380355114848,26
2.559359622045895,37
1.822150866645533,47
1.6245974387556545,50
1.886282682141207,54
1.5075654577600888,56
2.1777966303784897,57
2.4265848414059756,64
