Expected,Id
1.3274989110312911,0
2.062210546894144,2
1.5325556509776155,3
1.2567482750857306,5
1.694748020686517,6
1.5830395946482365,7
1.2708936018012646,9
2.4286146129220008,10
1.525971764609176,16
2.2646921977911365,20
2.324967078714831,21
2.2710248451509427,22
1.5661935936271538,26
2.63265440975952,37
1.821583315565845,47
1.6021686979084495,50
1.8825310584041182,54
1.4666863460395565,56
2.1976998903517773,57
2.3869295869000013,64
