Expected,Id
1.113771944264554,0
1.978705646113795,2
1.3605182844873043,3
1.05971882611935,5
1.5993079462338646,6
1.4735625116934465,7
1.1128084878782627,9
2.467809386114788,10
1.4352285293402551,16
2.3160640209981724,20
2.3873125674840496,21
2.3264407832795007,22
1.5145757553952213,26
2.788172013469406,37
1.8720777068485641,47
1.6345668970798406,50
1.988851207152981,54
1.5150851420505425,56
2.3725267106628536,57
3.0076824167424054,64
