Expected,Id
1.1137723726271804,0
1.9787059788241999,2
1.360518671830087,3
1.0597191853403556,5
1.5993081842294279,6
1.4735627487897207,7
1.1128087476109298,9
2.4678095163411005,10
1.435228696555591,16
2.316064062071881,20
2.3873125999323284,21
2.3264408156989935,22
1.5145758316280626,26
2.7881719023182057,37
1.8720775974916286,47
1.6345667605650496,50
1.9888509692050351,54
1.5150849159425672,56
2.372526397795093,57
3.007680974098429,64
